element;article;symbole;numero_atomique;masse_atomique_u;categorie;groupe;periode;etat;electronegativite;point_fusion_c;point_ebullition_c;masse_volumique_g_cm3;annee_decouverte;configuration_electronique;etats_oxydation
Hydrogène;l';H;1;1.008;non-métal;1;1;gaz;2.2;-259.34;-252.87;;1766;1s1;+1|-1
Hélium;l';He;2;4.0026;gaz noble;18;1;gaz;;-272.2;-268.93;;1868;1s2;0
Lithium;le;Li;3;6.94;métal alcalin;1;2;solide;0.98;180.5;1341.85;0.534;1817;[He]2s1;+1
Béryllium;le;Be;4;9.012183;métal alcalino-terreux;2;2;solide;1.57;1286.85;2470.85;1.85;1798;[He]2s2;+2
Bore;le;B;5;10.81;métalloïde;13;2;solide;2.04;2074.85;3999.85;2.37;1808;[He]2s2 2p1;+3
Carbone;le;C;6;12.011;non-métal;14;2;solide;2.55;3549.85;3824.85;2.267;;[He]2s2 2p2;+4|+2|-4
Azote;l';N;7;14.007;non-métal;15;2;gaz;3.04;-210;-195.79;;1772;[He]2s2 2p3;+5|+4|+3|+2|+1|-1|-2|-3
Oxygène;l';O;8;15.999;non-métal;16;2;gaz;3.44;-218.79;-182.95;;1774;[He]2s2 2p4;-2
Fluor;le;F;9;18.99840316;halogène;17;2;gaz;3.98;-219.62;-188.12;;1670;[He]2s2 2p5;-1
Néon;le;Ne;10;20.18;gaz noble;18;2;gaz;;-248.59;-246.08;;1898;[He]2s2 2p6;0
Sodium;le;Na;11;22.9897693;métal alcalin;1;3;solide;0.93;97.8;882.85;0.97;1807;[Ne]3s1;+1
Magnésium;le;Mg;12;24.305;métal alcalino-terreux;2;3;solide;1.31;649.85;1089.85;1.74;1808;[Ne]3s2;+2
Aluminium;l';Al;13;26.981538;métal pauvre;13;3;solide;1.61;660.29;2518.85;2.7;;[Ne]3s2 3p1;+3
Silicium;le;Si;14;28.085;métalloïde;14;3;solide;1.9;1413.85;3264.85;2.3296;1854;[Ne]3s2 3p2;+4|+2|-4
Phosphore;le;P;15;30.973762;non-métal;15;3;solide;2.19;44.15;280.5;1.82;1669;[Ne]3s2 3p3;+5|+3|-3
Soufre;le;S;16;32.07;non-métal;16;3;solide;2.58;115.21;444.6;2.067;;[Ne]3s2 3p4;+6|+4|-2
Chlore;le;Cl;17;35.45;halogène;17;3;gaz;3.16;-101.5;-34.04;;1774;[Ne]3s2 3p5;+7|+5|+1|-1
Argon;l';Ar;18;39.9;gaz noble;18;3;gaz;;-189.35;-185.85;;1894;[Ne]3s2 3p6;0
Potassium;le;K;19;39.0983;métal alcalin;1;4;solide;0.82;63.38;758.85;0.89;1807;[Ar]4s1;+1
Calcium;le;Ca;20;40.08;métal alcalino-terreux;2;4;solide;1;841.85;1483.85;1.54;;[Ar]4s2;+2
Scandium;le;Sc;21;44.95591;métal de transition;3;4;solide;1.36;1540.85;2835.85;2.99;1879;[Ar]4s2 3d1;+3
Titane;le;Ti;22;47.867;métal de transition;4;4;solide;1.54;1667.85;3286.85;4.5;1791;[Ar]4s2 3d2;+4|+3|+2
Vanadium;le;V;23;50.9415;métal de transition;5;4;solide;1.63;1909.85;3406.85;6;1801;[Ar]4s2 3d3;+5|+4|+3|+2
Chrome;le;Cr;24;51.996;métal de transition;6;4;solide;1.66;1906.85;2670.85;7.15;1797;[Ar]3d5 4s1;+6|+3|+2
Manganèse;le;Mn;25;54.93804;métal de transition;7;4;solide;1.55;1245.85;2060.85;7.3;1774;[Ar]4s2 3d5;+7|+4|+3|+2
Fer;le;Fe;26;55.84;métal de transition;8;4;solide;1.83;1537.85;2860.85;7.874;;[Ar]4s2 3d6;+3|+2
Cobalt;le;Co;27;58.93319;métal de transition;9;4;solide;1.88;1494.85;2926.85;8.86;1735;[Ar]4s2 3d7;+3|+2
Nickel;le;Ni;28;58.693;métal de transition;10;4;solide;1.91;1454.85;2912.85;8.912;1751;[Ar]4s2 3d8;+3|+2
Cuivre;le;Cu;29;63.55;métal de transition;11;4;solide;1.9;1084.62;2561.85;8.933;;[Ar]4s1 3d10;+2|+1
Zinc;le;Zn;30;65.4;métal de transition;12;4;solide;1.65;419.53;906.85;7.134;1746;[Ar]4s2 3d10;+2
Gallium;le;Ga;31;69.723;métal pauvre;13;4;solide;1.81;29.76;2203.85;5.91;1875;[Ar]4s2 3d10 4p1;+3
Germanium;le;Ge;32;72.63;métalloïde;14;4;solide;2.01;938.25;2832.85;5.323;1886;[Ar]4s2 3d10 4p2;+4|+2
Arsenic;l';As;33;74.92159;métalloïde;15;4;solide;2.18;816.85;613.85;5.776;;[Ar]4s2 3d10 4p3;+5|+3|-3
Sélénium;le;Se;34;78.97;non-métal;16;4;solide;2.55;220.5;684.85;4.809;1817;[Ar]4s2 3d10 4p4;+6|+4|-2
Brome;le;Br;35;79.9;halogène;17;4;liquide;2.96;-7.2;58.8;3.11;1826;[Ar]4s2 3d10 4p5;+5|+1|-1
Krypton;le;Kr;36;83.8;gaz noble;18;4;gaz;3;-157.36;-153.22;;1898;[Ar]4s2 3d10 4p6;0
Rubidium;le;Rb;37;85.468;métal alcalin;1;5;solide;0.82;39.31;687.85;1.53;1861;[Kr]5s1;+1
Strontium;le;Sr;38;87.62;métal alcalino-terreux;2;5;solide;0.95;776.85;1381.85;2.64;1790;[Kr]5s2;+2
Yttrium;le;Y;39;88.90584;métal de transition;3;5;solide;1.22;1521.85;3344.85;4.47;1794;[Kr]5s2 4d1;+3
Zirconium;le;Zr;40;91.22;métal de transition;4;5;solide;1.33;1854.85;4408.85;6.52;1789;[Kr]5s2 4d2;+4
Niobium;le;Nb;41;92.90637;métal de transition;5;5;solide;1.6;2476.85;4743.85;8.57;1801;[Kr]5s1 4d4;+5|+3
Molybdène;le;Mo;42;95.95;métal de transition;6;5;solide;2.16;2622.85;4638.85;10.2;1778;[Kr]5s1 4d5;+6
Technétium;le;Tc;43;96.90636;métal de transition;7;5;solide;1.9;2156.85;4264.85;11;1937;[Kr]5s2 4d5;+7|+6|+4
Ruthénium;le;Ru;44;101.1;métal de transition;8;5;solide;2.2;2333.85;4149.85;12.1;1827;[Kr]5s1 4d7;+3
Rhodium;le;Rh;45;102.9055;métal de transition;9;5;solide;2.28;1963.85;3694.85;12.4;1803;[Kr]5s1 4d8;+3
Palladium;le;Pd;46;106.42;métal de transition;10;5;solide;2.2;1554.9;2962.85;12;1803;[Kr]4d10;+3|+2
Argent;l';Ag;47;107.868;métal de transition;11;5;solide;1.93;961.78;2161.85;10.501;;[Kr]5s1 4d10;+1
Cadmium;le;Cd;48;112.41;métal de transition;12;5;solide;1.69;321.07;766.85;8.69;1817;[Kr]5s2 4d10;+2
Indium;l';In;49;114.818;métal pauvre;13;5;solide;1.78;156.6;2071.85;7.31;1863;[Kr]5s2 4d10 5p1;+3
Étain;l';Sn;50;118.71;métal pauvre;14;5;solide;1.96;231.93;2601.85;7.287;;[Kr]5s2 4d10 5p2;+4|+2
Antimoine;l';Sb;51;121.76;métalloïde;15;5;solide;2.05;630.63;1586.85;6.685;;[Kr]5s2 4d10 5p3;+5|+3|-3
Tellure;le;Te;52;127.6;métalloïde;16;5;solide;2.1;449.51;987.85;6.232;1782;[Kr]5s2 4d10 5p4;+6|+4|-2
Iode;l';I;53;126.9045;halogène;17;5;solide;2.66;113.7;184.4;4.93;1811;[Kr]5s2 4d10 5p5;+7|+5|+1|-1
Xénon;le;Xe;54;131.29;gaz noble;18;5;gaz;2.6;-111.79;-108.12;;1898;[Kr]5s2 4d10 5p6;0
Césium;le;Cs;55;132.905452;métal alcalin;1;6;solide;0.79;28.44;670.85;1.93;1860;[Xe]6s1;+1
Baryum;le;Ba;56;137.33;métal alcalino-terreux;2;6;solide;0.89;726.85;1896.85;3.62;1808;[Xe]6s2;+2
Lanthane;le;La;57;138.9055;lanthanide;;6;solide;1.1;917.85;3463.85;6.15;1839;[Xe]6s2 5d1;+3
Cérium;le;Ce;58;140.116;lanthanide;;6;solide;1.12;797.85;3423.85;6.77;1803;[Xe]6s2 4f1 5d1;+4|+3
Praséodyme;le;Pr;59;140.90766;lanthanide;;6;solide;1.13;930.85;3519.85;6.77;1885;[Xe]6s2 4f3;+3
Néodyme;le;Nd;60;144.24;lanthanide;;6;solide;1.14;1020.85;3073.85;7.01;1885;[Xe]6s2 4f4;+3
Prométhium;le;Pm;61;144.91276;lanthanide;;6;solide;;1041.85;2999.85;7.26;1945;[Xe]6s2 4f5;+3
Samarium;le;Sm;62;150.4;lanthanide;;6;solide;1.17;1073.85;1793.85;7.52;1879;[Xe]6s2 4f6;+3|+2
Europium;l';Eu;63;151.964;lanthanide;;6;solide;;821.85;1528.85;5.24;1901;[Xe]6s2 4f7;+3|+2
Gadolinium;le;Gd;64;157.25;lanthanide;;6;solide;1.2;1312.85;3272.85;7.9;1880;[Xe]6s2 4f7 5d1;+3
Terbium;le;Tb;65;158.92535;lanthanide;;6;solide;;1355.85;3229.85;8.23;1843;[Xe]6s2 4f9;+3
Dysprosium;le;Dy;66;162.5;lanthanide;;6;solide;1.22;1411.85;2566.85;8.55;1886;[Xe]6s2 4f10;+3
Holmium;l';Ho;67;164.93033;lanthanide;;6;solide;1.23;1473.85;2699.85;8.8;1878;[Xe]6s2 4f11;+3
Erbium;l';Er;68;167.26;lanthanide;;6;solide;1.24;1528.85;2867.85;9.07;1843;[Xe]6s2 4f12;+3
Thulium;le;Tm;69;168.93422;lanthanide;;6;solide;1.25;1544.85;1949.85;9.32;1879;[Xe]6s2 4f13;+3
Ytterbium;le;Yb;70;173.05;lanthanide;;6;solide;;818.85;1195.85;6.9;1878;[Xe]6s2 4f14;+3|+2
Lutécium;le;Lu;71;174.9667;lanthanide;;6;solide;1.27;1662.85;3401.85;9.84;1907;[Xe]6s2 4f14 5d1;+3
Hafnium;l';Hf;72;178.49;métal de transition;4;6;solide;1.3;2232.85;4602.85;13.3;1923;[Xe]6s2 4f14 5d2;+4
Tantale;le;Ta;73;180.9479;métal de transition;5;6;solide;1.5;3016.85;5457.85;16.4;1802;[Xe]6s2 4f14 5d3;+5
Tungstène;le;W;74;183.84;métal de transition;6;6;solide;2.36;3421.85;5554.85;19.3;1783;[Xe]6s2 4f14 5d4;+6
Rhénium;le;Re;75;186.207;métal de transition;7;6;solide;1.9;3185.85;5595.85;20.8;1925;[Xe]6s2 4f14 5d5;+7|+6|+4
Osmium;l';Os;76;190.2;métal de transition;8;6;solide;2.2;3032.85;5011.85;22.57;1803;[Xe]6s2 4f14 5d6;+4|+3
Iridium;l';Ir;77;192.22;métal de transition;9;6;solide;2.2;2445.85;4427.85;22.42;1803;[Xe]6s2 4f14 5d7;+4|+3
Platine;le;Pt;78;195.08;métal de transition;10;6;solide;2.28;1768.4;3824.85;21.46;1735;[Xe]6s1 4f14 5d9;+4|+2
Or;l';Au;79;196.96657;métal de transition;11;6;solide;2.54;1064.18;2855.85;19.282;;[Xe]6s1 4f14 5d10;+3|+1
Mercure;le;Hg;80;200.59;métal de transition;12;6;liquide;2;-38.83;356.73;13.5336;;[Xe]6s2 4f14 5d10;+2|+1
Thallium;le;Tl;81;204.383;métal pauvre;13;6;solide;1.62;303.85;1472.85;11.8;1861;[Xe]6s2 4f14 5d10 6p1;+3|+1
Plomb;le;Pb;82;207.2;métal pauvre;14;6;solide;2.33;327.46;1748.85;11.342;;[Xe]6s2 4f14 5d10 6p2;+4|+2
Bismuth;le;Bi;83;208.9804;métal pauvre;15;6;solide;2.02;271.4;1563.85;9.807;1753;[Xe]6s2 4f14 5d10 6p3;+5|+3
Polonium;le;Po;84;208.98243;métalloïde;16;6;solide;2;253.85;961.85;9.32;1898;[Xe]6s2 4f14 5d10 6p4;+4|+2
Astate;l';At;85;209.98715;halogène;17;6;solide;2.2;301.85;;7;1940;[Xe]6s2 4f14 5d10 6p5;+7|+5|+3|+1|-1
Radon;le;Rn;86;222.01758;gaz noble;18;6;gaz;;-71.15;-61.7;;1900;[Xe]6s2 4f14 5d10 6p6;0
Francium;le;Fr;87;223.01973;métal alcalin;1;7;solide;0.7;26.85;;;1939;[Rn]7s1;+1
Radium;le;Ra;88;226.02541;métal alcalino-terreux;2;7;solide;0.9;699.85;1139.85;5;1898;[Rn]7s2;+2
Actinium;l';Ac;89;227.02775;actinide;;7;solide;1.1;1050.85;3197.85;10.07;1899;[Rn]7s2 6d1;+3
Thorium;le;Th;90;232.038;actinide;;7;solide;1.3;1749.85;4787.85;11.72;1828;[Rn]7s2 6d2;+4
Protactinium;le;Pa;91;231.03588;actinide;;7;solide;1.5;1571.85;;15.37;1913;[Rn]7s2 5f2 6d1;+5|+4
Uranium;l';U;92;238.0289;actinide;;7;solide;1.38;1134.85;4130.85;18.95;1789;[Rn]7s2 5f3 6d1;+6|+5|+4|+3
Neptunium;le;Np;93;237.048172;actinide;;7;solide;1.36;643.85;3901.85;20.25;1940;[Rn]7s2 5f4 6d1;+6|+5|+4|+3
Plutonium;le;Pu;94;244.0642;actinide;;7;solide;1.28;639.85;3227.85;19.84;1940;[Rn]7s2 5f6;+6|+5|+4|+3
Américium;l';Am;95;243.06138;actinide;;7;solide;1.3;1175.85;2010.85;13.69;1944;[Rn]7s2 5f7;+6|+5|+4|+3
Curium;le;Cm;96;247.07035;actinide;;7;solide;1.3;1344.85;3126.85;13.51;1944;[Rn]7s2 5f7 6d1;+3
Berkélium;le;Bk;97;247.07031;actinide;;7;solide;1.3;1049.85;;14;1949;[Rn]7s2 5f9;+4|+3
Californium;le;Cf;98;251.07959;actinide;;7;solide;1.3;899.85;;;1950;[Rn]7s2 5f10;+3
Einsteinium;l';Es;99;252.083;actinide;;7;solide;1.3;859.85;;;1952;[Rn]7s2 5f11;+3
Fermium;le;Fm;100;257.09511;actinide;;7;solide;1.3;1526.85;;;1952;[Rn]5f12 7s2;+3
Mendélévium;le;Md;101;258.09843;actinide;;7;solide;1.3;826.85;;;1955;[Rn]7s2 5f13;+3|+2
Nobélium;le;No;102;259.101;actinide;;7;solide;1.3;826.85;;;1957;[Rn]7s2 5f14;+3|+2
Lawrencium;le;Lr;103;266.12;actinide;;7;solide;1.3;1626.85;;;1961;[Rn]7s2 5f14 6d1;+3
Rutherfordium;le;Rf;104;267.122;métal de transition;4;7;solide;;;;;1964;[Rn]7s2 5f14 6d2;+4
Dubnium;le;Db;105;268.126;métal de transition;5;7;solide;;;;;1967;[Rn]7s2 5f14 6d3;+5|+4|+3
Seaborgium;le;Sg;106;269.128;métal de transition;6;7;solide;;;;;1974;[Rn]7s2 5f14 6d4;+6|+5|+4|+3|0
Bohrium;le;Bh;107;270.133;métal de transition;7;7;solide;;;;;1976;[Rn]7s2 5f14 6d5;+7|+5|+4|+3
Hassium;l';Hs;108;269.1336;métal de transition;8;7;solide;;;;;1984;[Rn]7s2 5f14 6d6;+8|+6|+5|+4|+3|+2
Meitnérium;le;Mt;109;277.154;métal de transition;9;7;solide;;;;;1982;[Rn]7s2 5f14 6d7;+9|+8|+6|+4|+3|+1
Darmstadtium;le;Ds;110;282.166;métal de transition;10;7;;;;;;1994;[Rn]7s2 5f14 6d8;+8|+6|+4|+2|0
Roentgenium;le;Rg;111;282.169;métal de transition;11;7;;;;;;1994;[Rn]7s2 5f14 6d9;+5|+3|+1|-1
Copernicium;le;Cn;112;286.179;métal de transition;12;7;;;;;;1996;[Rn]7s2 5f14 6d10;+2|+1|0
Nihonium;le;Nh;113;286.182;métal pauvre;13;7;;;;;;2004;[Rn]5f14 6d10 7s2 7p1;
Flérovium;le;Fl;114;290.192;métal pauvre;14;7;;;;;;1998;[Rn]7s2 7p2 5f14 6d10;+6|+4|+2|+1|0
Moscovium;le;Mc;115;290.196;métal pauvre;15;7;;;;;;2003;[Rn]7s2 7p3 5f14 6d10;+3|+1
Livermorium;le;Lv;116;293.205;métal pauvre;16;7;;;;;;2000;[Rn]7s2 7p4 5f14 6d10;+4|+2|-2
Tennesse;le;Ts;117;294.211;halogène;17;7;;;;;;2010;[Rn]7s2 7p5 5f14 6d10;+5|+3|+1|-1
Oganesson;l';Og;118;295.216;gaz noble;18;7;;;;;;2006;[Rn]7s2 7p6 5f14 6d10;+6|+4|+2|+1|0|-1
